[{"pk": 11, "model": "contenttypes.contenttype", "fields": {"model": "expertprofile", "name": "Expert Profile", "app_label": "freieit"}}, {"pk": 8, "model": "contenttypes.contenttype", "fields": {"model": "tag", "name": "Tag", "app_label": "taggit"}}, {"pk": 9, "model": "contenttypes.contenttype", "fields": {"model": "taggeditem", "name": "Tagged Item", "app_label": "taggit"}}, {"pk": 4, "model": "contenttypes.contenttype", "fields": {"model": "contenttype", "name": "content type", "app_label": "contenttypes"}}, {"pk": 2, "model": "contenttypes.contenttype", "fields": {"model": "group", "name": "group", "app_label": "auth"}}, {"pk": 7, "model": "contenttypes.contenttype", "fields": {"model": "logentry", "name": "log entry", "app_label": "admin"}}, {"pk": 1, "model": "contenttypes.contenttype", "fields": {"model": "permission", "name": "permission", "app_label": "auth"}}, {"pk": 5, "model": "contenttypes.contenttype", "fields": {"model": "session", "name": "session", "app_label": "sessions"}}, {"pk": 6, "model": "contenttypes.contenttype", "fields": {"model": "site", "name": "site", "app_label": "sites"}}, {"pk": 3, "model": "contenttypes.contenttype", "fields": {"model": "user", "name": "user", "app_label": "auth"}}, {"pk": "56d6b28528c4c00946a20b6054446a9a", "model": "sessions.session", "fields": {"expire_date": "2012-05-17T18:57:10.311Z", "session_data": "YTg1ZGJlOGUyZjUyZmZiYjY0OTcwNGVkM2YyMTZhYWRjYTE5YmFiYjqAAn1xAShVEl9hdXRoX3Vz\nZXJfYmFja2VuZHECVSlkamFuZ28uY29udHJpYi5hdXRoLmJhY2tlbmRzLk1vZGVsQmFja2VuZHED\nVQ1fYXV0aF91c2VyX2lkcQRLAXUu\n"}}, {"pk": "6992a2fff80b383dd07dd2c0b129bbb9", "model": "sessions.session", "fields": {"expire_date": "2012-05-17T19:55:06.113Z", "session_data": "YTg1ZGJlOGUyZjUyZmZiYjY0OTcwNGVkM2YyMTZhYWRjYTE5YmFiYjqAAn1xAShVEl9hdXRoX3Vz\nZXJfYmFja2VuZHECVSlkamFuZ28uY29udHJpYi5hdXRoLmJhY2tlbmRzLk1vZGVsQmFja2VuZHED\nVQ1fYXV0aF91c2VyX2lkcQRLAXUu\n"}}, {"pk": 1, "model": "sites.site", "fields": {"domain": "example.com", "name": "example.com"}}, {"pk": 4, "model": "taggit.tag", "fields": {"name": "Postgres", "slug": "postgres"}}, {"pk": 5, "model": "taggit.tag", "fields": {"name": "Linux", "slug": "linux"}}, {"pk": 6, "model": "taggit.tag", "fields": {"name": "Python", "slug": "python"}}, {"pk": 7, "model": "taggit.tag", "fields": {"name": "PC Hardware", "slug": "pc-hardware"}}, {"pk": 8, "model": "taggit.tag", "fields": {"name": "SQL", "slug": "sql"}}, {"pk": 9, "model": "taggit.tag", "fields": {"name": "Django", "slug": "django"}}, {"pk": 10, "model": "taggit.tag", "fields": {"name": "MySql", "slug": "mysql"}}, {"pk": 11, "model": "taggit.tag", "fields": {"name": "Security", "slug": "security"}}, {"pk": 12, "model": "taggit.tag", "fields": {"name": "Arch", "slug": "arch"}}, {"pk": 13, "model": "taggit.tag", "fields": {"name": "Debian", "slug": "debian"}}, {"pk": 14, "model": "taggit.tag", "fields": {"name": "CSS3", "slug": "css3"}}, {"pk": 15, "model": "taggit.tag", "fields": {"name": "HTML", "slug": "html"}}, {"pk": 16, "model": "taggit.tag", "fields": {"name": "HTML5", "slug": "html5"}}, {"pk": 17, "model": "taggit.tag", "fields": {"name": "CSS", "slug": "css"}}, {"pk": 18, "model": "taggit.tag", "fields": {"name": "Javacript", "slug": "javacript"}}, {"pk": 2, "model": "taggit.taggeditem", "fields": {"tag": 4, "content_type": 11, "object_id": 1}}, {"pk": 3, "model": "taggit.taggeditem", "fields": {"tag": 5, "content_type": 11, "object_id": 1}}, {"pk": 4, "model": "taggit.taggeditem", "fields": {"tag": 6, "content_type": 11, "object_id": 1}}, {"pk": 5, "model": "taggit.taggeditem", "fields": {"tag": 7, "content_type": 11, "object_id": 1}}, {"pk": 6, "model": "taggit.taggeditem", "fields": {"tag": 8, "content_type": 11, "object_id": 1}}, {"pk": 7, "model": "taggit.taggeditem", "fields": {"tag": 9, "content_type": 11, "object_id": 1}}, {"pk": 8, "model": "taggit.taggeditem", "fields": {"tag": 10, "content_type": 11, "object_id": 1}}, {"pk": 9, "model": "taggit.taggeditem", "fields": {"tag": 11, "content_type": 11, "object_id": 1}}, {"pk": 10, "model": "taggit.taggeditem", "fields": {"tag": 12, "content_type": 11, "object_id": 1}}, {"pk": 11, "model": "taggit.taggeditem", "fields": {"tag": 13, "content_type": 11, "object_id": 1}}, {"pk": 12, "model": "taggit.taggeditem", "fields": {"tag": 16, "content_type": 11, "object_id": 2}}, {"pk": 13, "model": "taggit.taggeditem", "fields": {"tag": 17, "content_type": 11, "object_id": 2}}, {"pk": 14, "model": "taggit.taggeditem", "fields": {"tag": 18, "content_type": 11, "object_id": 2}}, {"pk": 15, "model": "taggit.taggeditem", "fields": {"tag": 14, "content_type": 11, "object_id": 2}}, {"pk": 16, "model": "taggit.taggeditem", "fields": {"tag": 15, "content_type": 11, "object_id": 2}}, {"pk": 17, "model": "taggit.taggeditem", "fields": {"tag": 17, "content_type": 11, "object_id": 3}}, {"pk": 18, "model": "taggit.taggeditem", "fields": {"tag": 5, "content_type": 11, "object_id": 3}}, {"pk": 19, "model": "taggit.taggeditem", "fields": {"tag": 15, "content_type": 11, "object_id": 3}}, {"pk": 19, "model": "auth.permission", "fields": {"codename": "add_logentry", "name": "Can add log entry", "content_type": 7}}, {"pk": 20, "model": "auth.permission", "fields": {"codename": "change_logentry", "name": "Can change log entry", "content_type": 7}}, {"pk": 21, "model": "auth.permission", "fields": {"codename": "delete_logentry", "name": "Can delete log entry", "content_type": 7}}, {"pk": 1, "model": "auth.permission", "fields": {"codename": "add_group", "name": "Can add group", "content_type": 2}}, {"pk": 4, "model": "auth.permission", "fields": {"codename": "change_group", "name": "Can change group", "content_type": 2}}, {"pk": 7, "model": "auth.permission", "fields": {"codename": "delete_group", "name": "Can delete group", "content_type": 2}}, {"pk": 2, "model": "auth.permission", "fields": {"codename": "add_permission", "name": "Can add permission", "content_type": 1}}, {"pk": 5, "model": "auth.permission", "fields": {"codename": "change_permission", "name": "Can change permission", "content_type": 1}}, {"pk": 8, "model": "auth.permission", "fields": {"codename": "delete_permission", "name": "Can delete permission", "content_type": 1}}, {"pk": 3, "model": "auth.permission", "fields": {"codename": "add_user", "name": "Can add user", "content_type": 3}}, {"pk": 6, "model": "auth.permission", "fields": {"codename": "change_user", "name": "Can change user", "content_type": 3}}, {"pk": 9, "model": "auth.permission", "fields": {"codename": "delete_user", "name": "Can delete user", "content_type": 3}}, {"pk": 10, "model": "auth.permission", "fields": {"codename": "add_contenttype", "name": "Can add content type", "content_type": 4}}, {"pk": 11, "model": "auth.permission", "fields": {"codename": "change_contenttype", "name": "Can change content type", "content_type": 4}}, {"pk": 12, "model": "auth.permission", "fields": {"codename": "delete_contenttype", "name": "Can delete content type", "content_type": 4}}, {"pk": 28, "model": "auth.permission", "fields": {"codename": "add_expertprofile", "name": "Can add Expert Profile", "content_type": 11}}, {"pk": 30, "model": "auth.permission", "fields": {"codename": "change_expertprofile", "name": "Can change Expert Profile", "content_type": 11}}, {"pk": 32, "model": "auth.permission", "fields": {"codename": "delete_expertprofile", "name": "Can delete Expert Profile", "content_type": 11}}, {"pk": 13, "model": "auth.permission", "fields": {"codename": "add_session", "name": "Can add session", "content_type": 5}}, {"pk": 14, "model": "auth.permission", "fields": {"codename": "change_session", "name": "Can change session", "content_type": 5}}, {"pk": 15, "model": "auth.permission", "fields": {"codename": "delete_session", "name": "Can delete session", "content_type": 5}}, {"pk": 16, "model": "auth.permission", "fields": {"codename": "add_site", "name": "Can add site", "content_type": 6}}, {"pk": 17, "model": "auth.permission", "fields": {"codename": "change_site", "name": "Can change site", "content_type": 6}}, {"pk": 18, "model": "auth.permission", "fields": {"codename": "delete_site", "name": "Can delete site", "content_type": 6}}, {"pk": 22, "model": "auth.permission", "fields": {"codename": "add_tag", "name": "Can add Tag", "content_type": 8}}, {"pk": 24, "model": "auth.permission", "fields": {"codename": "change_tag", "name": "Can change Tag", "content_type": 8}}, {"pk": 26, "model": "auth.permission", "fields": {"codename": "delete_tag", "name": "Can delete Tag", "content_type": 8}}, {"pk": 23, "model": "auth.permission", "fields": {"codename": "add_taggeditem", "name": "Can add Tagged Item", "content_type": 9}}, {"pk": 25, "model": "auth.permission", "fields": {"codename": "change_taggeditem", "name": "Can change Tagged Item", "content_type": 9}}, {"pk": 27, "model": "auth.permission", "fields": {"codename": "delete_taggeditem", "name": "Can delete Tagged Item", "content_type": 9}}, {"pk": 1, "model": "auth.user", "fields": {"username": "admin", "first_name": "", "last_name": "", "is_active": true, "is_superuser": true, "is_staff": true, "last_login": "2012-05-03T19:55:05.969Z", "groups": [], "user_permissions": [], "password": "pbkdf2_sha256$10000$GP2t6HbbaxkP$SxtQCYd0DXp5vZvMkSHQy2hkFquwrNudi+8tzr/jz94=", "email": "", "date_joined": "2012-05-03T18:52:03Z"}}, {"pk": 2, "model": "auth.user", "fields": {"username": "kelvan", "first_name": "Florian", "last_name": "S", "is_active": true, "is_superuser": false, "is_staff": false, "last_login": "2012-05-03T19:09:44Z", "groups": [], "user_permissions": [], "password": "pbkdf2_sha256$10000$yW2IDc7cwsz7$bPGwh5GbMhoH+E/WF30JL98WISRpgtBsETXudmjHsqE=", "email": "kelvan@example.com", "date_joined": "2012-05-03T19:09:44Z"}}, {"pk": 3, "model": "auth.user", "fields": {"username": "expert1", "first_name": "Hans", "last_name": "Maier", "is_active": true, "is_superuser": false, "is_staff": false, "last_login": "2012-05-03T19:10:26Z", "groups": [], "user_permissions": [], "password": "pbkdf2_sha256$10000$fQY2qDIoq5DV$o7c1dtfnd/8yB5Qntko6/bbkjXuxKV6RGpJmMzLD+dg=", "email": "hans@maier.at", "date_joined": "2012-05-03T19:10:26Z"}}, {"pk": 4, "model": "auth.user", "fields": {"username": "expert2", "first_name": "", "last_name": "", "is_active": true, "is_superuser": false, "is_staff": false, "last_login": "2012-05-03T19:10:33.143Z", "groups": [], "user_permissions": [], "password": "pbkdf2_sha256$10000$R6wNHfyO4ABE$SMSoKxy7QoZCkC9w3Qt9g6Dn29ZBFyK75RRRldDpAog=", "email": "", "date_joined": "2012-05-03T19:10:33.143Z"}}, {"pk": 5, "model": "auth.user", "fields": {"username": "expert3", "first_name": "", "last_name": "", "is_active": true, "is_superuser": false, "is_staff": false, "last_login": "2012-05-03T19:10:40.461Z", "groups": [], "user_permissions": [], "password": "pbkdf2_sha256$10000$dgcMJXxLMAE6$kOeGp36wQzqWWPlfSq/sfsHUQp3u/tWTSYTFiGJqoDk=", "email": "", "date_joined": "2012-05-03T19:10:40.461Z"}}, {"pk": 6, "model": "auth.user", "fields": {"username": "expert4", "first_name": "", "last_name": "", "is_active": true, "is_superuser": false, "is_staff": false, "last_login": "2012-05-03T19:10:46.956Z", "groups": [], "user_permissions": [], "password": "pbkdf2_sha256$10000$BMuVKBHGyWA4$1kNV5Qgjp5Uo0mlVYTHT+JNCWRq8c3Eu40LcrECl9hs=", "email": "", "date_joined": "2012-05-03T19:10:46.956Z"}}, {"pk": 7, "model": "auth.user", "fields": {"username": "expert5", "first_name": "Experte", "last_name": "F\u00fcnf", "is_active": true, "is_superuser": false, "is_staff": false, "last_login": "2012-05-03T19:10:54Z", "groups": [], "user_permissions": [], "password": "pbkdf2_sha256$10000$ad5eJr8QGEbG$UPNWf4lCOJ71/TaEbZhN/6aUXiOZUBIELUT0X9aFMJs=", "email": "five@experts.com", "date_joined": "2012-05-03T19:10:54Z"}}, {"pk": 23, "model": "admin.logentry", "fields": {"action_flag": 2, "action_time": "2012-05-03T20:16:23.611Z", "object_repr": "Experte F\u00fcnf", "object_id": "3", "change_message": "keywords ge\u00e4ndert.", "user": 1, "content_type": 11}}, {"pk": 22, "model": "admin.logentry", "fields": {"action_flag": 3, "action_time": "2012-05-03T20:16:00.169Z", "object_repr": "linux", "object_id": "20", "change_message": "", "user": 1, "content_type": 8}}, {"pk": 21, "model": "admin.logentry", "fields": {"action_flag": 3, "action_time": "2012-05-03T20:15:59.887Z", "object_repr": "html", "object_id": "19", "change_message": "", "user": 1, "content_type": 8}}, {"pk": 20, "model": "admin.logentry", "fields": {"action_flag": 1, "action_time": "2012-05-03T20:15:42.868Z", "object_repr": "Experte F\u00fcnf", "object_id": "3", "change_message": "", "user": 1, "content_type": 11}}, {"pk": 19, "model": "admin.logentry", "fields": {"action_flag": 3, "action_time": "2012-05-03T19:18:55.919Z", "object_repr": "Arch Linux", "object_id": "3", "change_message": "", "user": 1, "content_type": 8}}, {"pk": 18, "model": "admin.logentry", "fields": {"action_flag": 3, "action_time": "2012-05-03T19:18:55.753Z", "object_repr": "tag", "object_id": "2", "change_message": "", "user": 1, "content_type": 8}}, {"pk": 17, "model": "admin.logentry", "fields": {"action_flag": 3, "action_time": "2012-05-03T19:18:55.530Z", "object_repr": "test", "object_id": "1", "change_message": "", "user": 1, "content_type": 8}}, {"pk": 16, "model": "admin.logentry", "fields": {"action_flag": 1, "action_time": "2012-05-03T19:18:09.026Z", "object_repr": "WebDesign Huber", "object_id": "2", "change_message": "", "user": 1, "content_type": 11}}, {"pk": 15, "model": "admin.logentry", "fields": {"action_flag": 1, "action_time": "2012-05-03T19:14:57.522Z", "object_repr": "Florian S", "object_id": "1", "change_message": "", "user": 1, "content_type": 11}}, {"pk": 14, "model": "admin.logentry", "fields": {"action_flag": 3, "action_time": "2012-05-03T19:11:59.040Z", "object_repr": "", "object_id": "1", "change_message": "", "user": 1, "content_type": 11}}, {"pk": 13, "model": "admin.logentry", "fields": {"action_flag": 2, "action_time": "2012-05-03T19:11:38.431Z", "object_repr": "expert1", "object_id": "3", "change_message": "password, first_name, last_name und email ge\u00e4ndert.", "user": 1, "content_type": 3}}, {"pk": 12, "model": "admin.logentry", "fields": {"action_flag": 2, "action_time": "2012-05-03T19:11:14.245Z", "object_repr": "expert5", "object_id": "7", "change_message": "password, first_name, last_name und email ge\u00e4ndert.", "user": 1, "content_type": 3}}, {"pk": 11, "model": "admin.logentry", "fields": {"action_flag": 1, "action_time": "2012-05-03T19:10:54.789Z", "object_repr": "expert5", "object_id": "7", "change_message": "", "user": 1, "content_type": 3}}, {"pk": 10, "model": "admin.logentry", "fields": {"action_flag": 1, "action_time": "2012-05-03T19:10:47.182Z", "object_repr": "expert4", "object_id": "6", "change_message": "", "user": 1, "content_type": 3}}, {"pk": 9, "model": "admin.logentry", "fields": {"action_flag": 1, "action_time": "2012-05-03T19:10:40.706Z", "object_repr": "expert3", "object_id": "5", "change_message": "", "user": 1, "content_type": 3}}, {"pk": 8, "model": "admin.logentry", "fields": {"action_flag": 1, "action_time": "2012-05-03T19:10:33.377Z", "object_repr": "expert2", "object_id": "4", "change_message": "", "user": 1, "content_type": 3}}, {"pk": 7, "model": "admin.logentry", "fields": {"action_flag": 1, "action_time": "2012-05-03T19:10:26.874Z", "object_repr": "expert1", "object_id": "3", "change_message": "", "user": 1, "content_type": 3}}, {"pk": 6, "model": "admin.logentry", "fields": {"action_flag": 2, "action_time": "2012-05-03T19:10:07.135Z", "object_repr": "kelvan", "object_id": "2", "change_message": "password, first_name, last_name und email ge\u00e4ndert.", "user": 1, "content_type": 3}}, {"pk": 5, "model": "admin.logentry", "fields": {"action_flag": 1, "action_time": "2012-05-03T19:09:44.682Z", "object_repr": "kelvan", "object_id": "2", "change_message": "", "user": 1, "content_type": 3}}, {"pk": 4, "model": "admin.logentry", "fields": {"action_flag": 2, "action_time": "2012-05-03T19:08:59.947Z", "object_repr": "admin", "object_id": "1", "change_message": "username und password ge\u00e4ndert.", "user": 1, "content_type": 3}}, {"pk": 3, "model": "admin.logentry", "fields": {"action_flag": 2, "action_time": "2012-05-03T19:08:50.379Z", "object_repr": "kelvan", "object_id": "1", "change_message": "password und email ge\u00e4ndert.", "user": 1, "content_type": 3}}, {"pk": 2, "model": "admin.logentry", "fields": {"action_flag": 2, "action_time": "2012-05-03T19:08:43.947Z", "object_repr": "kelvan", "object_id": "1", "change_message": "password ge\u00e4ndert.", "user": 1, "content_type": 3}}, {"pk": 1, "model": "admin.logentry", "fields": {"action_flag": 1, "action_time": "2012-05-03T18:57:48.205Z", "object_repr": "", "object_id": "1", "change_message": "", "user": 1, "content_type": 11}}, {"pk": 1, "model": "freieit.expertprofile", "fields": {"name": "", "charges": "auf Anfrage", "image": "expert_images/fubar.png", "phone": "+43 123 45 67", "location": "Wien", "time": "24/7", "services": "Repariert alles", "user": 2}}, {"pk": 3, "model": "freieit.expertprofile", "fields": {"name": "", "charges": "60/h + Anfahrt", "image": "expert_images/fg.jpg", "phone": "+49 123 111 343", "location": "Berlin", "time": "Mo-Fr 9:00-17:00", "services": "tbd", "user": 7}}, {"pk": 2, "model": "freieit.expertprofile", "fields": {"name": "WebDesign Huber", "charges": "50/h + Anfahrt", "image": "expert_images/b1.png", "phone": "+43 11 22 333 / 45", "location": "Wien & Umgebung", "time": "Mo-We 10:00-15:00, 17:00-19:00; Fr 11:00-13:00", "services": "Webdesign", "user": 3}}]