[{"pk": 10, "model": "contenttypes.contenttype", "fields": {"model": "expertprofile", "name": "Expert Profile", "app_label": "freieit"}}, {"pk": 8, "model": "contenttypes.contenttype", "fields": {"model": "tag", "name": "Tag", "app_label": "taggit"}}, {"pk": 9, "model": "contenttypes.contenttype", "fields": {"model": "taggeditem", "name": "Tagged Item", "app_label": "taggit"}}, {"pk": 4, "model": "contenttypes.contenttype", "fields": {"model": "contenttype", "name": "content type", "app_label": "contenttypes"}}, {"pk": 2, "model": "contenttypes.contenttype", "fields": {"model": "group", "name": "group", "app_label": "auth"}}, {"pk": 7, "model": "contenttypes.contenttype", "fields": {"model": "logentry", "name": "log entry", "app_label": "admin"}}, {"pk": 1, "model": "contenttypes.contenttype", "fields": {"model": "permission", "name": "permission", "app_label": "auth"}}, {"pk": 5, "model": "contenttypes.contenttype", "fields": {"model": "session", "name": "session", "app_label": "sessions"}}, {"pk": 6, "model": "contenttypes.contenttype", "fields": {"model": "site", "name": "site", "app_label": "sites"}}, {"pk": 3, "model": "contenttypes.contenttype", "fields": {"model": "user", "name": "user", "app_label": "auth"}}, {"pk": "2e72cd8780a7ff8bd6ea6a76d89f0774", "model": "sessions.session", "fields": {"expire_date": "2012-05-23T14:04:49.947Z", "session_data": "YTg1ZGJlOGUyZjUyZmZiYjY0OTcwNGVkM2YyMTZhYWRjYTE5YmFiYjqAAn1xAShVEl9hdXRoX3Vz\nZXJfYmFja2VuZHECVSlkamFuZ28uY29udHJpYi5hdXRoLmJhY2tlbmRzLk1vZGVsQmFja2VuZHED\nVQ1fYXV0aF91c2VyX2lkcQRLAXUu\n"}}, {"pk": 1, "model": "sites.site", "fields": {"domain": "example.com", "name": "example.com"}}, {"pk": 1, "model": "taggit.tag", "fields": {"name": "CentOS", "slug": "centos"}}, {"pk": 2, "model": "taggit.tag", "fields": {"name": "Fedora", "slug": "fedora"}}, {"pk": 3, "model": "taggit.tag", "fields": {"name": "Redhat", "slug": "redhat"}}, {"pk": 4, "model": "taggit.tag", "fields": {"name": "Systemadministration", "slug": "systemadministration"}}, {"pk": 5, "model": "taggit.tag", "fields": {"name": "Reperatur", "slug": "reperatur"}}, {"pk": 6, "model": "taggit.tag", "fields": {"name": "PC", "slug": "pc"}}, {"pk": 7, "model": "taggit.tag", "fields": {"name": "Mainboard", "slug": "mainboard"}}, {"pk": 8, "model": "taggit.tag", "fields": {"name": "Motherboard", "slug": "motherboard"}}, {"pk": 9, "model": "taggit.tag", "fields": {"name": "Laptop", "slug": "laptop"}}, {"pk": 10, "model": "taggit.tag", "fields": {"name": "RAM", "slug": "ram"}}, {"pk": 11, "model": "taggit.tag", "fields": {"name": "SATA", "slug": "sata"}}, {"pk": 12, "model": "taggit.tag", "fields": {"name": "Notebook", "slug": "notebook"}}, {"pk": 13, "model": "taggit.tag", "fields": {"name": "Netbook", "slug": "netbook"}}, {"pk": 14, "model": "taggit.tag", "fields": {"name": "Netzteile", "slug": "netzteile"}}, {"pk": 15, "model": "taggit.tag", "fields": {"name": "IDE", "slug": "ide"}}, {"pk": 16, "model": "taggit.tag", "fields": {"name": "CPU", "slug": "cpu"}}, {"pk": 17, "model": "taggit.tag", "fields": {"name": "LAN", "slug": "lan"}}, {"pk": 18, "model": "taggit.tag", "fields": {"name": "WLAN", "slug": "wlan"}}, {"pk": 19, "model": "taggit.tag", "fields": {"name": "Hub", "slug": "hub"}}, {"pk": 20, "model": "taggit.tag", "fields": {"name": "Firewall", "slug": "firewall"}}, {"pk": 21, "model": "taggit.tag", "fields": {"name": "Wifi", "slug": "wifi"}}, {"pk": 22, "model": "taggit.tag", "fields": {"name": "Switch", "slug": "switch"}}, {"pk": 23, "model": "taggit.tag", "fields": {"name": "Internet", "slug": "internet"}}, {"pk": 24, "model": "taggit.tag", "fields": {"name": "Linux", "slug": "linux"}}, {"pk": 25, "model": "taggit.tag", "fields": {"name": "BSD", "slug": "bsd"}}, {"pk": 26, "model": "taggit.tag", "fields": {"name": "Ethernet", "slug": "ethernet"}}, {"pk": 27, "model": "taggit.tag", "fields": {"name": "Router", "slug": "router"}}, {"pk": 28, "model": "taggit.tag", "fields": {"name": "OpenSUSE", "slug": "opensuse"}}, {"pk": 29, "model": "taggit.tag", "fields": {"name": "GNU/Linux", "slug": "gnulinux"}}, {"pk": 30, "model": "taggit.tag", "fields": {"name": "Ubunut", "slug": "ubunut"}}, {"pk": 31, "model": "taggit.tag", "fields": {"name": "Platformunabh\u00f6ngig", "slug": "platformunabhongig"}}, {"pk": 32, "model": "taggit.tag", "fields": {"name": "Crossplattform", "slug": "crossplattform"}}, {"pk": 33, "model": "taggit.tag", "fields": {"name": "Softwareentwicklung", "slug": "softwareentwicklung"}}, {"pk": 34, "model": "taggit.tag", "fields": {"name": "Alle Plattformen", "slug": "alle-plattformen"}}, {"pk": 5, "model": "taggit.taggeditem", "fields": {"tag": 5, "content_type": 10, "object_id": 2}}, {"pk": 6, "model": "taggit.taggeditem", "fields": {"tag": 6, "content_type": 10, "object_id": 2}}, {"pk": 7, "model": "taggit.taggeditem", "fields": {"tag": 7, "content_type": 10, "object_id": 2}}, {"pk": 8, "model": "taggit.taggeditem", "fields": {"tag": 8, "content_type": 10, "object_id": 2}}, {"pk": 9, "model": "taggit.taggeditem", "fields": {"tag": 9, "content_type": 10, "object_id": 2}}, {"pk": 10, "model": "taggit.taggeditem", "fields": {"tag": 10, "content_type": 10, "object_id": 2}}, {"pk": 11, "model": "taggit.taggeditem", "fields": {"tag": 11, "content_type": 10, "object_id": 2}}, {"pk": 12, "model": "taggit.taggeditem", "fields": {"tag": 12, "content_type": 10, "object_id": 2}}, {"pk": 13, "model": "taggit.taggeditem", "fields": {"tag": 13, "content_type": 10, "object_id": 2}}, {"pk": 14, "model": "taggit.taggeditem", "fields": {"tag": 14, "content_type": 10, "object_id": 2}}, {"pk": 15, "model": "taggit.taggeditem", "fields": {"tag": 15, "content_type": 10, "object_id": 2}}, {"pk": 16, "model": "taggit.taggeditem", "fields": {"tag": 16, "content_type": 10, "object_id": 2}}, {"pk": 17, "model": "taggit.taggeditem", "fields": {"tag": 1, "content_type": 10, "object_id": 1}}, {"pk": 18, "model": "taggit.taggeditem", "fields": {"tag": 2, "content_type": 10, "object_id": 1}}, {"pk": 19, "model": "taggit.taggeditem", "fields": {"tag": 3, "content_type": 10, "object_id": 1}}, {"pk": 20, "model": "taggit.taggeditem", "fields": {"tag": 4, "content_type": 10, "object_id": 1}}, {"pk": 21, "model": "taggit.taggeditem", "fields": {"tag": 17, "content_type": 10, "object_id": 3}}, {"pk": 22, "model": "taggit.taggeditem", "fields": {"tag": 18, "content_type": 10, "object_id": 3}}, {"pk": 23, "model": "taggit.taggeditem", "fields": {"tag": 19, "content_type": 10, "object_id": 3}}, {"pk": 24, "model": "taggit.taggeditem", "fields": {"tag": 20, "content_type": 10, "object_id": 3}}, {"pk": 25, "model": "taggit.taggeditem", "fields": {"tag": 21, "content_type": 10, "object_id": 3}}, {"pk": 26, "model": "taggit.taggeditem", "fields": {"tag": 22, "content_type": 10, "object_id": 3}}, {"pk": 27, "model": "taggit.taggeditem", "fields": {"tag": 23, "content_type": 10, "object_id": 3}}, {"pk": 28, "model": "taggit.taggeditem", "fields": {"tag": 24, "content_type": 10, "object_id": 3}}, {"pk": 29, "model": "taggit.taggeditem", "fields": {"tag": 25, "content_type": 10, "object_id": 3}}, {"pk": 30, "model": "taggit.taggeditem", "fields": {"tag": 26, "content_type": 10, "object_id": 3}}, {"pk": 31, "model": "taggit.taggeditem", "fields": {"tag": 27, "content_type": 10, "object_id": 3}}, {"pk": 32, "model": "taggit.taggeditem", "fields": {"tag": 24, "content_type": 10, "object_id": 4}}, {"pk": 33, "model": "taggit.taggeditem", "fields": {"tag": 2, "content_type": 10, "object_id": 4}}, {"pk": 34, "model": "taggit.taggeditem", "fields": {"tag": 28, "content_type": 10, "object_id": 4}}, {"pk": 35, "model": "taggit.taggeditem", "fields": {"tag": 29, "content_type": 10, "object_id": 4}}, {"pk": 36, "model": "taggit.taggeditem", "fields": {"tag": 30, "content_type": 10, "object_id": 4}}, {"pk": 37, "model": "taggit.taggeditem", "fields": {"tag": 32, "content_type": 10, "object_id": 5}}, {"pk": 38, "model": "taggit.taggeditem", "fields": {"tag": 33, "content_type": 10, "object_id": 5}}, {"pk": 39, "model": "taggit.taggeditem", "fields": {"tag": 34, "content_type": 10, "object_id": 5}}, {"pk": 40, "model": "taggit.taggeditem", "fields": {"tag": 31, "content_type": 10, "object_id": 5}}, {"pk": 19, "model": "auth.permission", "fields": {"codename": "add_logentry", "name": "Can add log entry", "content_type": 7}}, {"pk": 20, "model": "auth.permission", "fields": {"codename": "change_logentry", "name": "Can change log entry", "content_type": 7}}, {"pk": 21, "model": "auth.permission", "fields": {"codename": "delete_logentry", "name": "Can delete log entry", "content_type": 7}}, {"pk": 1, "model": "auth.permission", "fields": {"codename": "add_group", "name": "Can add group", "content_type": 2}}, {"pk": 4, "model": "auth.permission", "fields": {"codename": "change_group", "name": "Can change group", "content_type": 2}}, {"pk": 7, "model": "auth.permission", "fields": {"codename": "delete_group", "name": "Can delete group", "content_type": 2}}, {"pk": 2, "model": "auth.permission", "fields": {"codename": "add_permission", "name": "Can add permission", "content_type": 1}}, {"pk": 5, "model": "auth.permission", "fields": {"codename": "change_permission", "name": "Can change permission", "content_type": 1}}, {"pk": 8, "model": "auth.permission", "fields": {"codename": "delete_permission", "name": "Can delete permission", "content_type": 1}}, {"pk": 3, "model": "auth.permission", "fields": {"codename": "add_user", "name": "Can add user", "content_type": 3}}, {"pk": 6, "model": "auth.permission", "fields": {"codename": "change_user", "name": "Can change user", "content_type": 3}}, {"pk": 9, "model": "auth.permission", "fields": {"codename": "delete_user", "name": "Can delete user", "content_type": 3}}, {"pk": 10, "model": "auth.permission", "fields": {"codename": "add_contenttype", "name": "Can add content type", "content_type": 4}}, {"pk": 11, "model": "auth.permission", "fields": {"codename": "change_contenttype", "name": "Can change content type", "content_type": 4}}, {"pk": 12, "model": "auth.permission", "fields": {"codename": "delete_contenttype", "name": "Can delete content type", "content_type": 4}}, {"pk": 28, "model": "auth.permission", "fields": {"codename": "add_expertprofile", "name": "Can add Expert Profile", "content_type": 10}}, {"pk": 29, "model": "auth.permission", "fields": {"codename": "change_expertprofile", "name": "Can change Expert Profile", "content_type": 10}}, {"pk": 30, "model": "auth.permission", "fields": {"codename": "delete_expertprofile", "name": "Can delete Expert Profile", "content_type": 10}}, {"pk": 13, "model": "auth.permission", "fields": {"codename": "add_session", "name": "Can add session", "content_type": 5}}, {"pk": 14, "model": "auth.permission", "fields": {"codename": "change_session", "name": "Can change session", "content_type": 5}}, {"pk": 15, "model": "auth.permission", "fields": {"codename": "delete_session", "name": "Can delete session", "content_type": 5}}, {"pk": 16, "model": "auth.permission", "fields": {"codename": "add_site", "name": "Can add site", "content_type": 6}}, {"pk": 17, "model": "auth.permission", "fields": {"codename": "change_site", "name": "Can change site", "content_type": 6}}, {"pk": 18, "model": "auth.permission", "fields": {"codename": "delete_site", "name": "Can delete site", "content_type": 6}}, {"pk": 22, "model": "auth.permission", "fields": {"codename": "add_tag", "name": "Can add Tag", "content_type": 8}}, {"pk": 24, "model": "auth.permission", "fields": {"codename": "change_tag", "name": "Can change Tag", "content_type": 8}}, {"pk": 26, "model": "auth.permission", "fields": {"codename": "delete_tag", "name": "Can delete Tag", "content_type": 8}}, {"pk": 23, "model": "auth.permission", "fields": {"codename": "add_taggeditem", "name": "Can add Tagged Item", "content_type": 9}}, {"pk": 25, "model": "auth.permission", "fields": {"codename": "change_taggeditem", "name": "Can change Tagged Item", "content_type": 9}}, {"pk": 27, "model": "auth.permission", "fields": {"codename": "delete_taggeditem", "name": "Can delete Tagged Item", "content_type": 9}}, {"pk": 1, "model": "auth.user", "fields": {"username": "admin", "first_name": "", "last_name": "", "is_active": true, "is_superuser": true, "is_staff": true, "last_login": "2012-05-09T14:04:49.834Z", "groups": [], "user_permissions": [], "password": "pbkdf2_sha256$10000$Yu13IosDRApa$3lk8UOMORjUhS1/QvFdb4pMfkwgx4/UCVInWMsEwKUA=", "email": "admin@admin.admin", "date_joined": "2012-05-09T13:42:46.821Z"}}, {"pk": 3, "model": "auth.user", "fields": {"username": "himbert", "first_name": "", "last_name": "", "is_active": true, "is_superuser": false, "is_staff": false, "last_login": "2012-05-09T13:45:20.447Z", "groups": [], "user_permissions": [], "password": "pbkdf2_sha256$10000$ozbuttsz4mlJ$YychlNrDKOpenuTnrLOdtdcUs0pcwJl0AzheBHNo1A0=", "email": "", "date_joined": "2012-05-09T13:45:20.447Z"}}, {"pk": 4, "model": "auth.user", "fields": {"username": "erdbert", "first_name": "", "last_name": "", "is_active": true, "is_superuser": false, "is_staff": false, "last_login": "2012-05-09T13:45:30.536Z", "groups": [], "user_permissions": [], "password": "pbkdf2_sha256$10000$tyuahqni8DhY$nbdR0UxkATfEf1/QK0arUL2Fs55yCpurCm9YL4VnGnI=", "email": "", "date_joined": "2012-05-09T13:45:30.536Z"}}, {"pk": 5, "model": "auth.user", "fields": {"username": "brombert", "first_name": "", "last_name": "", "is_active": true, "is_superuser": false, "is_staff": false, "last_login": "2012-05-09T13:45:42.413Z", "groups": [], "user_permissions": [], "password": "pbkdf2_sha256$10000$M2owGIGegJTz$0moXK8z9QBa4NGOcE07EfXXA/Iz8WNrY2jnq48lc0mE=", "email": "", "date_joined": "2012-05-09T13:45:42.413Z"}}, {"pk": 6, "model": "auth.user", "fields": {"username": "stachelbert", "first_name": "", "last_name": "", "is_active": true, "is_superuser": false, "is_staff": false, "last_login": "2012-05-09T13:45:55.170Z", "groups": [], "user_permissions": [], "password": "pbkdf2_sha256$10000$kysvwmi5OsEA$t4cWIMlwj+KF1h/K/dl6pQePsrjxSEkJK9wShpP+sgc=", "email": "", "date_joined": "2012-05-09T13:45:55.170Z"}}, {"pk": 7, "model": "auth.user", "fields": {"username": "heidelbert", "first_name": "", "last_name": "", "is_active": true, "is_superuser": false, "is_staff": false, "last_login": "2012-05-09T13:46:11.236Z", "groups": [], "user_permissions": [], "password": "pbkdf2_sha256$10000$xnIo499WYBEC$F0m1bxnZS3UkKZpk9CBcGjXbDT48k+AEKiluO5ROrnI=", "email": "", "date_joined": "2012-05-09T13:46:11.236Z"}}, {"pk": 8, "model": "auth.user", "fields": {"username": "preiselbert", "first_name": "", "last_name": "", "is_active": true, "is_superuser": false, "is_staff": false, "last_login": "2012-05-09T13:46:25.212Z", "groups": [], "user_permissions": [], "password": "pbkdf2_sha256$10000$4C7cvUZ5IZBB$0ggbyWAAtw8xFkOJpFpeTtCVkOiyTrh8DwUOYXNeD84=", "email": "", "date_joined": "2012-05-09T13:46:25.212Z"}}, {"pk": 23, "model": "admin.logentry", "fields": {"action_flag": 3, "action_time": "2012-05-09T14:34:42.432Z", "object_repr": "schuhbert", "object_id": "12", "change_message": "", "user": 1, "content_type": 3}}, {"pk": 22, "model": "admin.logentry", "fields": {"action_flag": 3, "action_time": "2012-05-09T14:34:42.307Z", "object_repr": "robert", "object_id": "11", "change_message": "", "user": 1, "content_type": 3}}, {"pk": 21, "model": "admin.logentry", "fields": {"action_flag": 3, "action_time": "2012-05-09T14:34:42.148Z", "object_repr": "hilbert", "object_id": "10", "change_message": "", "user": 1, "content_type": 3}}, {"pk": 20, "model": "admin.logentry", "fields": {"action_flag": 3, "action_time": "2012-05-09T14:34:41.594Z", "object_repr": "herbert", "object_id": "9", "change_message": "", "user": 1, "content_type": 3}}, {"pk": 19, "model": "admin.logentry", "fields": {"action_flag": 1, "action_time": "2012-05-09T14:33:56.315Z", "object_repr": "Heidelbert", "object_id": "5", "change_message": "", "user": 1, "content_type": 10}}, {"pk": 18, "model": "admin.logentry", "fields": {"action_flag": 1, "action_time": "2012-05-09T14:25:54.982Z", "object_repr": "Stachelbert", "object_id": "4", "change_message": "", "user": 1, "content_type": 10}}, {"pk": 17, "model": "admin.logentry", "fields": {"action_flag": 1, "action_time": "2012-05-09T14:21:40.440Z", "object_repr": "Brombert", "object_id": "3", "change_message": "", "user": 1, "content_type": 10}}, {"pk": 16, "model": "admin.logentry", "fields": {"action_flag": 2, "action_time": "2012-05-09T14:18:05.025Z", "object_repr": "Himbert", "object_id": "1", "change_message": "image und keywords ge\u00e4ndert.", "user": 1, "content_type": 10}}, {"pk": 15, "model": "admin.logentry", "fields": {"action_flag": 2, "action_time": "2012-05-09T14:17:50.954Z", "object_repr": "Erdbert", "object_id": "2", "change_message": "image und keywords ge\u00e4ndert.", "user": 1, "content_type": 10}}, {"pk": 14, "model": "admin.logentry", "fields": {"action_flag": 1, "action_time": "2012-05-09T14:02:07.073Z", "object_repr": "Erdbert", "object_id": "2", "change_message": "", "user": 1, "content_type": 10}}, {"pk": 13, "model": "admin.logentry", "fields": {"action_flag": 1, "action_time": "2012-05-09T13:56:08.629Z", "object_repr": "Himbert", "object_id": "1", "change_message": "", "user": 1, "content_type": 10}}, {"pk": 12, "model": "admin.logentry", "fields": {"action_flag": 1, "action_time": "2012-05-09T13:49:00.238Z", "object_repr": "schuhbert", "object_id": "12", "change_message": "", "user": 1, "content_type": 3}}, {"pk": 11, "model": "admin.logentry", "fields": {"action_flag": 1, "action_time": "2012-05-09T13:48:47.632Z", "object_repr": "robert", "object_id": "11", "change_message": "", "user": 1, "content_type": 3}}, {"pk": 10, "model": "admin.logentry", "fields": {"action_flag": 1, "action_time": "2012-05-09T13:48:30.080Z", "object_repr": "hilbert", "object_id": "10", "change_message": "", "user": 1, "content_type": 3}}, {"pk": 9, "model": "admin.logentry", "fields": {"action_flag": 1, "action_time": "2012-05-09T13:48:21.132Z", "object_repr": "herbert", "object_id": "9", "change_message": "", "user": 1, "content_type": 3}}, {"pk": 8, "model": "admin.logentry", "fields": {"action_flag": 3, "action_time": "2012-05-09T13:46:59.877Z", "object_repr": "herbert", "object_id": "2", "change_message": "", "user": 1, "content_type": 3}}, {"pk": 7, "model": "admin.logentry", "fields": {"action_flag": 1, "action_time": "2012-05-09T13:46:25.300Z", "object_repr": "preiselbert", "object_id": "8", "change_message": "", "user": 1, "content_type": 3}}, {"pk": 6, "model": "admin.logentry", "fields": {"action_flag": 1, "action_time": "2012-05-09T13:46:11.316Z", "object_repr": "heidelbert", "object_id": "7", "change_message": "", "user": 1, "content_type": 3}}, {"pk": 5, "model": "admin.logentry", "fields": {"action_flag": 1, "action_time": "2012-05-09T13:45:55.251Z", "object_repr": "stachelbert", "object_id": "6", "change_message": "", "user": 1, "content_type": 3}}, {"pk": 4, "model": "admin.logentry", "fields": {"action_flag": 1, "action_time": "2012-05-09T13:45:42.490Z", "object_repr": "brombert", "object_id": "5", "change_message": "", "user": 1, "content_type": 3}}, {"pk": 3, "model": "admin.logentry", "fields": {"action_flag": 1, "action_time": "2012-05-09T13:45:30.613Z", "object_repr": "erdbert", "object_id": "4", "change_message": "", "user": 1, "content_type": 3}}, {"pk": 2, "model": "admin.logentry", "fields": {"action_flag": 1, "action_time": "2012-05-09T13:45:20.530Z", "object_repr": "himbert", "object_id": "3", "change_message": "", "user": 1, "content_type": 3}}, {"pk": 1, "model": "admin.logentry", "fields": {"action_flag": 1, "action_time": "2012-05-09T13:45:04.878Z", "object_repr": "herbert", "object_id": "2", "change_message": "", "user": 1, "content_type": 3}}, {"pk": 3, "model": "freieit.expertprofile", "fields": {"name": "Brombert", "charges": "40\u20ac/Stunde", "image": "expert_images/fuuu.png", "phone": "0666 823 183 77", "location": "Bezirk Salzburg", "time": "Montag - Samstag, 8 - 22 Uhr", "services": "System- und Netzwerkadministration", "user": 5}}, {"pk": 2, "model": "freieit.expertprofile", "fields": {"name": "Erdbert", "charges": "30\u20ac pro Stunde", "image": "expert_images/bitch_please.jpg", "phone": "0666 458 391 86", "location": "1210 Wien, Stra\u00dfengasse 49/1", "time": "Montag - Donnerstag 8 - 16 Uhr", "services": "PC und Laptop - Reperaturen und Consulting", "user": 4}}, {"pk": 5, "model": "freieit.expertprofile", "fields": {"name": "Heidelbert", "charges": "Fixpreisprojekte", "image": "expert_images/not_bad.jpg", "phone": "0666 725 713 83", "location": "Innsbruck und Umgebung", "time": "Dienstag - Freitag 6-14 Uhr", "services": "Softwareentwicklung f\u00fcr alle Plattformen", "user": 7}}, {"pk": 1, "model": "freieit.expertprofile", "fields": {"name": "Himbert", "charges": "20\u20ac / Stunde", "image": "expert_images/forever_alone.png", "phone": "0666 918 183 29", "location": "Wien und Umgebung", "time": "Montag - Freitag 12-18 Uhr", "services": "Systemadministration", "user": 3}}, {"pk": 4, "model": "freieit.expertprofile", "fields": {"name": "Stachelbert", "charges": "40\u20ac pro Stunde + Spe\u00dfen", "image": "expert_images/me_gusta.jpg", "phone": "0666 942 333 91", "location": "Baden, Wien, Nieder\u00f6sterreich, Burgenland", "time": "Montag - Samstag, 8 - 22 Uhr", "services": "Wartung und Support f\u00fcr Linux", "user": 6}}]